number_of_columns,Fused (GB/s (median)),Fused (in place) (GB/s (median)),Liger (GB/s (median)),Naive Llama style (GB/s (median)),Compiled Llama style (GB/s (median)),torch.rms_norm (GB/s (median))
768.000000,234.336118,235.458679,226.702789,42.524778,,181.707953
1024.000000,237.449270,237.529960,227.506187,43.137075,,186.181817
2048.000000,238.177393,237.853230,232.268467,44.043010,,190.910513
3072.000000,244.318898,244.537310,231.849058,44.254293,,181.362236
4096.000000,245.180561,245.467556,232.397168,44.497649,,171.560210
5120.000000,243.928628,245.229312,233.905732,44.539704,,166.047915
8192.000000,239.216589,240.340594,233.435123,44.798017,,164.556725
12288.000000,237.893703,238.651720,232.736742,44.868945,,163.839992
16384.000000,237.236057,237.859988,232.262046,44.877825,,163.764830
